job_id,build,problem,nodes,ntasks,ntasks_per_node,omp_num_threads,time,deck_sha256,components,rows,out_csv,status
10852138,cpu_mpi_omp,binary_lj_032k_150k,1,48,48,1,01:00:00,8509141221f01362003bdc8cb800fd1ec5af4deb0d88e8ee7f1e2b0a26cdb109,1,3,/home/cwschil/Develop/Ovis/scheduling/data/ldms/cpu_mpi_omp/binary_lj_032k_150k/10852138/ldms_metrics.csv,ok
10852139,cpu_mpi_omp,charged_lj_pppm_032k_040k,1,48,48,1,01:00:00,a94f18ffc2ead535078f756537d303415b3a6f166a35fc859044438ad5b3c6a0,0,0,,no_data
10852140,cpu_mpi_omp,coul_pppm_062k_020k_ewald,1,16,16,1,04:00:00,e78703eb4025f6fb644c6e2d40737513a438f49668b0e4e2fd455bfeacc2e35f,1,281,/home/cwschil/Develop/Ovis/scheduling/data/ldms/cpu_mpi_omp/coul_pppm_062k_020k_ewald/10852140/ldms_metrics.csv,ok
10852141,cpu_mpi_omp,coul_pppm_062k_040k_acc1e6,1,16,16,1,04:00:00,0cf9ea0d00ede725c961469ff768fb1625ef0533f8cdcae2381a4cd0a4117054,1,163,/home/cwschil/Develop/Ovis/scheduling/data/ldms/cpu_mpi_omp/coul_pppm_062k_040k_acc1e6/10852141/ldms_metrics.csv,ok
10852142,cpu_mpi_omp,coul_pppm_062k_080k,1,16,16,1,01:30:00,c6b14ebe1f1c3e27cf0d58ba8c0e8dab917ed02ecd1d261573fa195802b7db8c,1,103,/home/cwschil/Develop/Ovis/scheduling/data/ldms/cpu_mpi_omp/coul_pppm_062k_080k/10852142/ldms_metrics.csv,ok
10852143,cpu_mpi_omp,coul_pppm_062k_080k,2,32,16,1,01:30:00,c6b14ebe1f1c3e27cf0d58ba8c0e8dab917ed02ecd1d261573fa195802b7db8c,2,110,/home/cwschil/Develop/Ovis/scheduling/data/ldms/cpu_mpi_omp/coul_pppm_062k_080k/10852143/ldms_metrics.csv,ok
10852144,cpu_mpi_omp,coul_pppm_062k_080k,4,64,16,1,01:00:00,c6b14ebe1f1c3e27cf0d58ba8c0e8dab917ed02ecd1d261573fa195802b7db8c,4,108,/home/cwschil/Develop/Ovis/scheduling/data/ldms/cpu_mpi_omp/coul_pppm_062k_080k/10852144/ldms_metrics.csv,ok
10852145,cpu_mpi_omp,coul_pppm_062k_080k,1,12,12,4,01:00:00,c6b14ebe1f1c3e27cf0d58ba8c0e8dab917ed02ecd1d261573fa195802b7db8c,1,39,/home/cwschil/Develop/Ovis/scheduling/data/ldms/cpu_mpi_omp/coul_pppm_062k_080k/10852145/ldms_metrics.csv,ok
10852146,cpu_mpi_omp,coul_pppm_062k_080k_acc1e3,1,16,16,1,01:30:00,4a101a4c434c1585f65747cb724a5bcd0887f4a73b2bd42641dabf5337c69054,1,99,/home/cwschil/Develop/Ovis/scheduling/data/ldms/cpu_mpi_omp/coul_pppm_062k_080k_acc1e3/10852146/ldms_metrics.csv,ok
10852147,cpu_mpi_omp,coul_pppm_062k_080k_acc1e5,1,16,16,1,02:30:00,50b4d2c8906a6b9b4293d64757de5979267c458918b2d0f5b69d48d4180d0c11,0,0,,no_data
10852148,cpu_mpi_omp,coul_pppm_062k_080k_coulcut,1,16,16,1,01:30:00,8806728ddd90020a9dea85df78f178b75bb2eed4a4fd97a89bc1bcbd89b05548,1,75,/home/cwschil/Develop/Ovis/scheduling/data/ldms/cpu_mpi_omp/coul_pppm_062k_080k_coulcut/10852148/ldms_metrics.csv,ok
10852149,cpu_mpi_omp,coul_pppm_062k_080k_debye,1,16,16,1,02:00:00,74c25233e254461e9cadc7910530d244afed9d9ea71c201b907a34a325db0baf,1,157,/home/cwschil/Develop/Ovis/scheduling/data/ldms/cpu_mpi_omp/coul_pppm_062k_080k_debye/10852149/ldms_metrics.csv,ok
10852150,cpu_mpi_omp,coul_pppm_062k_080k_dsf,1,16,16,1,02:30:00,30b01e5bdad7442bfbaa2c2ec83aa84da09efb07ebaf6826770894394b630291,1,181,/home/cwschil/Develop/Ovis/scheduling/data/ldms/cpu_mpi_omp/coul_pppm_062k_080k_dsf/10852150/ldms_metrics.csv,ok
10852151,cpu_mpi_omp,coul_pppm_062k_080k_nx32,1,16,16,1,03:30:00,83cc27c1fc78d1c54138b320b9062d923c89a7e7efe1fc06800d985b81eb08ca,1,217,/home/cwschil/Develop/Ovis/scheduling/data/ldms/cpu_mpi_omp/coul_pppm_062k_080k_nx32/10852151/ldms_metrics.csv,ok
10852152,cpu_mpi_omp,coul_pppm_062k_080k_order4,1,16,16,1,02:00:00,ccc524239efe45ff9a84b27c3e834e1d20a676dad43d9fdf71b9c42985985371,1,119,/home/cwschil/Develop/Ovis/scheduling/data/ldms/cpu_mpi_omp/coul_pppm_062k_080k_order4/10852152/ldms_metrics.csv,ok
10852153,cpu_mpi_omp,coul_pppm_062k_080k_order7,1,16,16,1,01:30:00,882889ebe4dc0e88cfd855200531a4df948678b7e03df429fae5c512d953bf04,1,109,/home/cwschil/Develop/Ovis/scheduling/data/ldms/cpu_mpi_omp/coul_pppm_062k_080k_order7/10852153/ldms_metrics.csv,ok
10852154,cpu_mpi_omp,coul_pppm_062k_080k_pppmcg,1,16,16,1,01:30:00,7c1f17bebf469615f8732570d87fe50071688dce645710d06a0f88ed133c1380,1,105,/home/cwschil/Develop/Ovis/scheduling/data/ldms/cpu_mpi_omp/coul_pppm_062k_080k_pppmcg/10852154/ldms_metrics.csv,ok
10852155,cpu_mpi_omp,coul_pppm_062k_080k_pppmdisp,1,16,16,1,02:00:00,e56647ee74c25ee92fef047980e083238eacebea34de668b205bf5cb14623e6d,1,131,/home/cwschil/Develop/Ovis/scheduling/data/ldms/cpu_mpi_omp/coul_pppm_062k_080k_pppmdisp/10852155/ldms_metrics.csv,ok
10852156,cpu_mpi_omp,coul_pppm_062k_080k_q05,1,16,16,1,02:00:00,4557c49e88d90c55e271e1eb471773ae8ac84e5862f92ea215374ca5b6b9c19f,0,0,,no_data
10852157,cpu_mpi_omp,coul_pppm_062k_080k_rc40,1,16,16,1,01:30:00,6115a96f186af44bc83bf80e81874cc23f2406279c048f99c20f5f178b0b0c20,0,0,,no_data
10852158,cpu_mpi_omp,coul_pppm_062k_080k_rc80,1,16,16,1,03:00:00,b5494b32381d4db3172fac9e0e49c0748eb400084ee82bd48721f0791a3bb101,1,9,/home/cwschil/Develop/Ovis/scheduling/data/ldms/cpu_mpi_omp/coul_pppm_062k_080k_rc80/10852158/ldms_metrics.csv,ok
10852159,cpu_mpi_omp,coul_pppm_062k_080k_seed,1,16,16,1,01:30:00,bd212ef381f63aad7d883cef6e69df1eb7d1c2ca79d409700a8a0bd3e815b405,1,107,/home/cwschil/Develop/Ovis/scheduling/data/ldms/cpu_mpi_omp/coul_pppm_062k_080k_seed/10852159/ldms_metrics.csv,ok
10852160,cpu_mpi_omp,coul_pppm_1000k_040k,4,192,48,1,01:30:00,1f24857e8b51a42f39a8f70767dd5419b2668793d0473ab63ceaaa3cd66fb9da,3,291,/home/cwschil/Develop/Ovis/scheduling/data/ldms/cpu_mpi_omp/coul_pppm_1000k_040k/10852160/ldms_metrics.csv,ok
10852161,cpu_mpi_omp,deposit_lj_119k_060k,1,16,16,1,01:00:00,a3068b595f06b079ec378ead92e87263c29633df9bb5cc1ae59e4e21a358bc8b,1,27,/home/cwschil/Develop/Ovis/scheduling/data/ldms/cpu_mpi_omp/deposit_lj_119k_060k/10852161/ldms_metrics.csv,ok
10852162,cpu_mpi_omp,deposit_lj_144k_060k,1,16,16,1,01:00:00,764cdc43f833e5c3094e84972ccd671df86ea6dba2090f5539ba3b6d7f1044d6,1,43,/home/cwschil/Develop/Ovis/scheduling/data/ldms/cpu_mpi_omp/deposit_lj_144k_060k/10852162/ldms_metrics.csv,ok
10852163,cpu_mpi_omp,deposit_lj_144k_060k_cold,1,16,16,1,01:00:00,3e560fd065806ef9a4cd4f6bee99097de6f84109ae47d41a92f294257e363d29,1,45,/home/cwschil/Develop/Ovis/scheduling/data/ldms/cpu_mpi_omp/deposit_lj_144k_060k_cold/10852163/ldms_metrics.csv,ok
10852164,cpu_mpi_omp,deposit_lj_574k_220k,1,48,48,1,02:30:00,2b949fe482e71b031162b0b4ed29e944cc80ce2b9ff8dc79428531b3178559ee,1,255,/home/cwschil/Develop/Ovis/scheduling/data/ldms/cpu_mpi_omp/deposit_lj_574k_220k/10852164/ldms_metrics.csv,ok
10852165,cpu_mpi_omp,gran_pour_060k_200k,1,16,16,1,00:30:00,7ccb05ca71a4f4f5a68c20cf214764bd54c037f0720187dda867145cac2777d7,1,29,/home/cwschil/Develop/Ovis/scheduling/data/ldms/cpu_mpi_omp/gran_pour_060k_200k/10852165/ldms_metrics.csv,ok
10852166,cpu_mpi_omp,gran_pour_120k_200k,1,16,16,1,00:30:00,c23bfec85d4d8a40c3b7216ad2ea22ad146916f4e34af30893350ab0e4ec73fd,1,53,/home/cwschil/Develop/Ovis/scheduling/data/ldms/cpu_mpi_omp/gran_pour_120k_200k/10852166/ldms_metrics.csv,ok
10852167,cpu_mpi_omp,gran_pour_120k_200k_hertz,1,16,16,1,00:30:00,0346ec1794857d79e17ba78fd2cb3bf6d27fbe0457a1a79075b704fcd73b3090,1,61,/home/cwschil/Develop/Ovis/scheduling/data/ldms/cpu_mpi_omp/gran_pour_120k_200k_hertz/10852167/ldms_metrics.csv,ok
10852168,cpu_mpi_omp,gran_pour_120k_200k_poly,1,16,16,1,00:30:00,cc333b8fc4226b03daaeafb7bd904c311cd1fbcc717d00ee55ceebf3263c9010,1,39,/home/cwschil/Develop/Ovis/scheduling/data/ldms/cpu_mpi_omp/gran_pour_120k_200k_poly/10852168/ldms_metrics.csv,ok
10852169,cpu_mpi_omp,gran_pour_480k_200k,2,96,48,1,01:00:00,cb5d222114945f6898e41127b22f82ea6baacd56881246c8bcf1ccedbe91ad3d,1,35,/home/cwschil/Develop/Ovis/scheduling/data/ldms/cpu_mpi_omp/gran_pour_480k_200k/10852169/ldms_metrics.csv,ok
10852170,cpu_mpi_omp,hybrid_ljmorse_256k_300k,1,48,48,1,01:00:00,125b3b01638d2a9f54ad5f68e74b68637db29b4c1fdfbd922a1b83c9f1217eaf,1,57,/home/cwschil/Develop/Ovis/scheduling/data/ldms/cpu_mpi_omp/hybrid_ljmorse_256k_300k/10852170/ldms_metrics.csv,ok
10852171,cpu_mpi_omp,ka_glass_2048k_400k,2,96,48,1,05:00:00,77cae3bbaf64315ecb97479bc5935a9aad101e4bc4cf6caf1cc8a61804453ac7,2,576,/home/cwschil/Develop/Ovis/scheduling/data/ldms/cpu_mpi_omp/ka_glass_2048k_400k/10852171/ldms_metrics.csv,ok
10852172,cpu_mpi_omp,ka_glass_256k_240k,1,48,48,1,01:00:00,17a8e2d395d78343975a4ff3bd61a6402686856b74946c6747ec8600592d899c,1,45,/home/cwschil/Develop/Ovis/scheduling/data/ldms/cpu_mpi_omp/ka_glass_256k_240k/10852172/ldms_metrics.csv,ok
10852173,cpu_mpi_omp,ka_glass_256k_240k,1,16,16,1,02:00:00,17a8e2d395d78343975a4ff3bd61a6402686856b74946c6747ec8600592d899c,1,113,/home/cwschil/Develop/Ovis/scheduling/data/ldms/cpu_mpi_omp/ka_glass_256k_240k/10852173/ldms_metrics.csv,ok
10852174,cpu_mpi_omp,ka_glass_256k_240k,2,96,48,1,00:30:00,17a8e2d395d78343975a4ff3bd61a6402686856b74946c6747ec8600592d899c,2,46,/home/cwschil/Develop/Ovis/scheduling/data/ldms/cpu_mpi_omp/ka_glass_256k_240k/10852174/ldms_metrics.csv,ok
10852175,cpu_mpi_omp,ka_glass_256k_240k,4,192,48,1,00:30:00,17a8e2d395d78343975a4ff3bd61a6402686856b74946c6747ec8600592d899c,4,68,/home/cwschil/Develop/Ovis/scheduling/data/ldms/cpu_mpi_omp/ka_glass_256k_240k/10852175/ldms_metrics.csv,ok
10852176,cpu_mpi_omp,ka_glass_256k_240k,1,12,12,4,01:00:00,17a8e2d395d78343975a4ff3bd61a6402686856b74946c6747ec8600592d899c,0,0,,no_data
10852177,cpu_mpi_omp,ka_glass_256k_240k_hot,1,48,48,1,01:00:00,76f874717add17418db8c1b031332effcd1a6c753ef3641d41919b1eea2b5d67,1,51,/home/cwschil/Develop/Ovis/scheduling/data/ldms/cpu_mpi_omp/ka_glass_256k_240k_hot/10852177/ldms_metrics.csv,ok
10852178,cpu_mpi_omp,ka_glass_256k_240k_quench,1,48,48,1,01:00:00,983ddd54b7f17f86b80532f528574a633ee07114a3c17b3ef957f32290b3d720,1,37,/home/cwschil/Develop/Ovis/scheduling/data/ldms/cpu_mpi_omp/ka_glass_256k_240k_quench/10852178/ldms_metrics.csv,ok
10852179,cpu_mpi_omp,ka_glass_256k_240k_x50,1,48,48,1,01:00:00,9713229bd9c1bc3b1075176ea49ae03c41514738c92b0f7c33fdda6b53b2f75e,1,39,/home/cwschil/Develop/Ovis/scheduling/data/ldms/cpu_mpi_omp/ka_glass_256k_240k_x50/10852179/ldms_metrics.csv,ok
10852180,cpu_mpi_omp,kg_chain010_202k_360k,1,48,48,1,00:30:00,8c30f62af71a294eae258976d2e9db10568ff57353692ab11df61e4fa821c37c,1,19,/home/cwschil/Develop/Ovis/scheduling/data/ldms/cpu_mpi_omp/kg_chain010_202k_360k/10852180/ldms_metrics.csv,ok
10852181,cpu_mpi_omp,kg_chain025_202k_360k,1,48,48,1,00:30:00,14072f2a27ab6517223e1b09852f0a8e0e0a6a309e6f09354f36eab2d027d1e5,1,17,/home/cwschil/Develop/Ovis/scheduling/data/ldms/cpu_mpi_omp/kg_chain025_202k_360k/10852181/ldms_metrics.csv,ok
10852182,cpu_mpi_omp,kg_chain050_202k_360k,1,48,48,1,00:30:00,ff8180145d4a4efa7e4e1f40f0fdbb32c0c879cb0ca324c572c006621d444962,1,17,/home/cwschil/Develop/Ovis/scheduling/data/ldms/cpu_mpi_omp/kg_chain050_202k_360k/10852182/ldms_metrics.csv,ok
10852183,cpu_mpi_omp,kg_chain050_202k_360k,1,16,16,1,01:00:00,ff8180145d4a4efa7e4e1f40f0fdbb32c0c879cb0ca324c572c006621d444962,1,41,/home/cwschil/Develop/Ovis/scheduling/data/ldms/cpu_mpi_omp/kg_chain050_202k_360k/10852183/ldms_metrics.csv,ok
10852184,cpu_mpi_omp,kg_chain050_202k_360k,2,96,48,1,00:30:00,ff8180145d4a4efa7e4e1f40f0fdbb32c0c879cb0ca324c572c006621d444962,2,18,/home/cwschil/Develop/Ovis/scheduling/data/ldms/cpu_mpi_omp/kg_chain050_202k_360k/10852184/ldms_metrics.csv,ok
10852185,cpu_mpi_omp,kg_chain050_202k_360k,4,192,48,1,00:30:00,ff8180145d4a4efa7e4e1f40f0fdbb32c0c879cb0ca324c572c006621d444962,4,28,/home/cwschil/Develop/Ovis/scheduling/data/ldms/cpu_mpi_omp/kg_chain050_202k_360k/10852185/ldms_metrics.csv,ok
10852186,cpu_mpi_omp,kg_chain050_202k_360k,1,12,12,4,00:30:00,ff8180145d4a4efa7e4e1f40f0fdbb32c0c879cb0ca324c572c006621d444962,1,29,/home/cwschil/Develop/Ovis/scheduling/data/ldms/cpu_mpi_omp/kg_chain050_202k_360k/10852186/ldms_metrics.csv,ok
10852187,cpu_mpi_omp,kg_chain050_202k_360k_harmonic,1,48,48,1,00:30:00,beb7c9b60c583c5e4720e94fe87ed0252b3df61649b1c6d9770c6d0dd43c377a,1,19,/home/cwschil/Develop/Ovis/scheduling/data/ldms/cpu_mpi_omp/kg_chain050_202k_360k_harmonic/10852187/ldms_metrics.csv,ok
10852188,cpu_mpi_omp,kg_chain050_202k_360k_lj25,1,48,48,1,01:30:00,d7a2527f4709e9579cde14967a7b9e28f96e652c751bb810771a1eca91619da7,1,83,/home/cwschil/Develop/Ovis/scheduling/data/ldms/cpu_mpi_omp/kg_chain050_202k_360k_lj25/10852188/ldms_metrics.csv,ok
10852189,cpu_mpi_omp,kg_chain050_202k_360k_nve,1,48,48,1,00:30:00,23fcab26516f615d3525ccf4ea20b49cd465f175abdf7ea1ff4320509d582a58,1,15,/home/cwschil/Develop/Ovis/scheduling/data/ldms/cpu_mpi_omp/kg_chain050_202k_360k_nve/10852189/ldms_metrics.csv,ok
10852190,cpu_mpi_omp,kg_chain050_410k_360k,1,48,48,1,01:00:00,9c66a7601b1ea251108ebfdfa3128c02fd30d7862526936be5156095530882e3,1,37,/home/cwschil/Develop/Ovis/scheduling/data/ldms/cpu_mpi_omp/kg_chain050_410k_360k/10852190/ldms_metrics.csv,ok
10852191,cpu_mpi_omp,kg_chain100_202k_360k,1,48,48,1,00:30:00,213d28d069ca4fc6ba11ed2f3868720fe87dbfa5fb36d8edae78adba377282aa,1,19,/home/cwschil/Develop/Ovis/scheduling/data/ldms/cpu_mpi_omp/kg_chain100_202k_360k/10852191/ldms_metrics.csv,ok
10852192,cpu_mpi_omp,kg_chain100_3240k_400k,2,96,48,1,03:30:00,1ea53f80cbb1c9fe405bcaf979bf92d1ccf2c8af938b4b2c70076a205302027d,2,434,/home/cwschil/Develop/Ovis/scheduling/data/ldms/cpu_mpi_omp/kg_chain100_3240k_400k/10852192/ldms_metrics.csv,ok
10852193,cpu_mpi_omp,kg_chain200_205k_360k,1,48,48,1,00:30:00,e8a02f9381d7c3b6e8d9ccb311a37905bc2a2e88f4ffbc7b63d7816628a5a41d,1,19,/home/cwschil/Develop/Ovis/scheduling/data/ldms/cpu_mpi_omp/kg_chain200_205k_360k/10852193/ldms_metrics.csv,ok
10852194,cpu_mpi_omp,kg_polyampholyte_090k_120k,1,48,48,1,01:30:00,96ed381979d0bede044b7ccb0af7e5bd5df9042d0efa5e883582e80bf7662180,1,75,/home/cwschil/Develop/Ovis/scheduling/data/ldms/cpu_mpi_omp/kg_polyampholyte_090k_120k/10852194/ldms_metrics.csv,ok
10852195,cpu_mpi_omp,lj2d_hex_15995k_200k,2,96,48,1,05:00:00,6a89fe677077681c7266ce1999f8e537a0cce8bf5abae2688185f50240eefe6a,2,572,/home/cwschil/Develop/Ovis/scheduling/data/ldms/cpu_mpi_omp/lj2d_hex_15995k_200k/10852195/ldms_metrics.csv,ok
10852196,cpu_mpi_omp,lj2d_hex_500k_240k,1,48,48,1,00:30:00,0e81a26db856bb25431871546cd52b239b8d534b6761be9274c3a027be5ac0b5,1,15,/home/cwschil/Develop/Ovis/scheduling/data/ldms/cpu_mpi_omp/lj2d_hex_500k_240k/10852196/ldms_metrics.csv,ok
10852197,cpu_mpi_omp,lj2d_hex_500k_240k_langevin,1,48,48,1,00:30:00,681a7f3f0a778e48c4a4a78fb68fcfab8d57cbba2a2556f6d258a5d81eef700e,1,19,/home/cwschil/Develop/Ovis/scheduling/data/ldms/cpu_mpi_omp/lj2d_hex_500k_240k_langevin/10852197/ldms_metrics.csv,ok
10852198,cpu_mpi_omp,lj2d_hex_500k_240k_rc40,1,48,48,1,00:30:00,9598dd793e5af167de5ab4b90fb4a4885b876ba72620be2c4d0683389d225d66,1,29,/home/cwschil/Develop/Ovis/scheduling/data/ldms/cpu_mpi_omp/lj2d_hex_500k_240k_rc40/10852198/ldms_metrics.csv,ok
10852199,cpu_mpi_omp,lj2d_hex_980k_240k,1,48,48,1,01:00:00,34b5907f9d805c5a95f8225b4f684c2442dbe5742b55f21af35e267eb1ac7c76,1,31,/home/cwschil/Develop/Ovis/scheduling/data/ldms/cpu_mpi_omp/lj2d_hex_980k_240k/10852199/ldms_metrics.csv,ok
10852200,cpu_mpi_omp,lj_base_256k_080k,1,48,48,1,00:30:00,87ba506eafdf71ef89da31c4732c2564cc2bc7b62ad61cc02a24fc0c1adbfb36,1,11,/home/cwschil/Develop/Ovis/scheduling/data/ldms/cpu_mpi_omp/lj_base_256k_080k/10852200/ldms_metrics.csv,ok
10852201,cpu_mpi_omp,lj_base_256k_160k,1,48,48,1,00:30:00,444d6620c590ed68a1e61ebed0744a5823b6b013fed338f39965afb9f6f1fe9d,0,0,,no_data
10852202,cpu_mpi_omp,lj_base_256k_160k,1,16,16,1,01:00:00,444d6620c590ed68a1e61ebed0744a5823b6b013fed338f39965afb9f6f1fe9d,1,65,/home/cwschil/Develop/Ovis/scheduling/data/ldms/cpu_mpi_omp/lj_base_256k_160k/10852202/ldms_metrics.csv,ok
10852203,cpu_mpi_omp,lj_base_256k_160k,2,96,48,1,00:30:00,444d6620c590ed68a1e61ebed0744a5823b6b013fed338f39965afb9f6f1fe9d,2,30,/home/cwschil/Develop/Ovis/scheduling/data/ldms/cpu_mpi_omp/lj_base_256k_160k/10852203/ldms_metrics.csv,ok
10852204,cpu_mpi_omp,lj_base_256k_160k,4,192,48,1,00:30:00,444d6620c590ed68a1e61ebed0744a5823b6b013fed338f39965afb9f6f1fe9d,4,36,/home/cwschil/Develop/Ovis/scheduling/data/ldms/cpu_mpi_omp/lj_base_256k_160k/10852204/ldms_metrics.csv,ok
10852205,cpu_mpi_omp,lj_base_256k_160k,1,12,12,4,00:30:00,444d6620c590ed68a1e61ebed0744a5823b6b013fed338f39965afb9f6f1fe9d,1,25,/home/cwschil/Develop/Ovis/scheduling/data/ldms/cpu_mpi_omp/lj_base_256k_160k/10852205/ldms_metrics.csv,ok
10852206,cpu_mpi_omp,lj_base_256k_160k_bcc,1,48,48,1,00:30:00,12c4f4a1ad2ebbea9d4e18b2865902448a186199c74c7438590b492ee35bf449,1,23,/home/cwschil/Develop/Ovis/scheduling/data/ldms/cpu_mpi_omp/lj_base_256k_160k_bcc/10852206/ldms_metrics.csv,ok
10852207,cpu_mpi_omp,lj_base_256k_160k_berendsen,1,48,48,1,00:30:00,5c41827f060c1808cb716ee09cc2f2afd8a599207383cd4e220c96e4e8026d11,1,25,/home/cwschil/Develop/Ovis/scheduling/data/ldms/cpu_mpi_omp/lj_base_256k_160k_berendsen/10852207/ldms_metrics.csv,ok
10852208,cpu_mpi_omp,lj_base_256k_160k_binsize,1,48,48,1,00:30:00,94a643934d7ea45dd6255987672dfd0cfcdd226e461117ae2f5b77af6f13be21,1,31,/home/cwschil/Develop/Ovis/scheduling/data/ldms/cpu_mpi_omp/lj_base_256k_160k_binsize/10852208/ldms_metrics.csv,ok
10852209,cpu_mpi_omp,lj_base_256k_160k_commcut,1,48,48,1,00:30:00,3c5fa5dc9bb4c0e9b71e7d832d812aeb68d378e017baf705db0f6a6bd20cc40b,1,29,/home/cwschil/Develop/Ovis/scheduling/data/ldms/cpu_mpi_omp/lj_base_256k_160k_commcut/10852209/ldms_metrics.csv,ok
10852210,cpu_mpi_omp,lj_base_256k_160k_delay5,1,48,48,1,00:30:00,a9b509d652d77ebe39bda4f511d7b240d3fff666fe053968591d02cd64a1812d,1,21,/home/cwschil/Develop/Ovis/scheduling/data/ldms/cpu_mpi_omp/lj_base_256k_160k_delay5/10852210/ldms_metrics.csv,ok
10852211,cpu_mpi_omp,lj_base_256k_160k_dt0025,1,48,48,1,00:30:00,17a7a24d5b6b4c98f5fdbb1b774b94425916fe3b2ff15a03c2a4217b6356f851,1,23,/home/cwschil/Develop/Ovis/scheduling/data/ldms/cpu_mpi_omp/lj_base_256k_160k_dt0025/10852211/ldms_metrics.csv,ok
10852212,cpu_mpi_omp,lj_base_256k_160k_dt0075,1,48,48,1,00:30:00,f4bc601d591d3e5c8cd1264876d90d2e77e3f1690782b0a541aba68935a468d0,1,27,/home/cwschil/Develop/Ovis/scheduling/data/ldms/cpu_mpi_omp/lj_base_256k_160k_dt0075/10852212/ldms_metrics.csv,ok
10852213,cpu_mpi_omp,lj_base_256k_160k_dump,1,48,48,1,00:30:00,2adfecee58b0a03e297aab62e07ac16b496a3be07af225034eb5dd443d6e5c48,1,25,/home/cwschil/Develop/Ovis/scheduling/data/ldms/cpu_mpi_omp/lj_base_256k_160k_dump/10852213/ldms_metrics.csv,ok
10852214,cpu_mpi_omp,lj_base_256k_160k_eps05,1,48,48,1,00:30:00,5978b22a6a0518c9631c4fbe6dc7cc9122a375a2ecf2039be90e184094ba63e6,1,19,/home/cwschil/Develop/Ovis/scheduling/data/ldms/cpu_mpi_omp/lj_base_256k_160k_eps05/10852214/ldms_metrics.csv,ok
10852215,cpu_mpi_omp,lj_base_256k_160k_every10,1,48,48,1,00:30:00,257af6aa0f555892aecf6432c0c8a301293dfe4d68894b8c838fef74d012e79b,1,19,/home/cwschil/Develop/Ovis/scheduling/data/ldms/cpu_mpi_omp/lj_base_256k_160k_every10/10852215/ldms_metrics.csv,ok
10852216,cpu_mpi_omp,lj_base_256k_160k_expand,1,48,48,1,00:30:00,00e7377b3a4ec04520d05584bd7a3af3800b85fb672de81de376ab40f1459661,1,29,/home/cwschil/Develop/Ovis/scheduling/data/ldms/cpu_mpi_omp/lj_base_256k_160k_expand/10852216/ldms_metrics.csv,ok
10852217,cpu_mpi_omp,lj_base_256k_160k_gromacs,1,48,48,1,00:30:00,7d0d16c5ab802a3b654c40c81f26074ec73de295154de9587194af58b6171865,1,29,/home/cwschil/Develop/Ovis/scheduling/data/ldms/cpu_mpi_omp/lj_base_256k_160k_gromacs/10852217/ldms_metrics.csv,ok
10852218,cpu_mpi_omp,lj_base_256k_160k_langevin,1,48,48,1,00:30:00,f362ba7386eff0816a50b27143edeac1b099f546bdc6d757ba2a612ed79d3e98,0,0,,no_data
10852219,cpu_mpi_omp,lj_base_256k_160k_lj96,1,48,48,1,00:30:00,6fbb339c45caf130dd75d5faf3fa9d101d0fc90febdbad298a39d6826f12f9bf,1,23,/home/cwschil/Develop/Ovis/scheduling/data/ldms/cpu_mpi_omp/lj_base_256k_160k_lj96/10852219/ldms_metrics.csv,ok
10852220,cpu_mpi_omp,lj_base_256k_160k_loopall,1,48,48,1,00:30:00,7f3842e22014261e3b3ec339f52b076b23b52f9beac3ba105369a9e3fad3d822,1,25,/home/cwschil/Develop/Ovis/scheduling/data/ldms/cpu_mpi_omp/lj_base_256k_160k_loopall/10852220/ldms_metrics.csv,ok
10852221,cpu_mpi_omp,lj_base_256k_160k_maphash,1,48,48,1,00:30:00,df600164751e42796ac7843c64723152469f4e5b3e6053416bc68652d1d84b80,1,25,/home/cwschil/Develop/Ovis/scheduling/data/ldms/cpu_mpi_omp/lj_base_256k_160k_maphash/10852221/ldms_metrics.csv,ok
10852222,cpu_mpi_omp,lj_base_256k_160k_mass2,1,48,48,1,00:30:00,eb4044b967c17e460a1cfd0c65306d5c97c376ab300323bf52bfeac6f2b47ce6,1,19,/home/cwschil/Develop/Ovis/scheduling/data/ldms/cpu_mpi_omp/lj_base_256k_160k_mass2/10852222/ldms_metrics.csv,ok
10852223,cpu_mpi_omp,lj_base_256k_160k_metal,1,48,48,1,00:30:00,8c164f612cd06a23a5a1261007d5ff920aa6a4d17f529a89e4e9388a7a0e305e,1,23,/home/cwschil/Develop/Ovis/scheduling/data/ldms/cpu_mpi_omp/lj_base_256k_160k_metal/10852223/ldms_metrics.csv,ok
10852224,cpu_mpi_omp,lj_base_256k_160k_mie126,1,48,48,1,01:00:00,1f8c6e069f4d1a48524b53bfa7590912e91c490ec2e3f314d2c3e3ff7dce36a1,1,117,/home/cwschil/Develop/Ovis/scheduling/data/ldms/cpu_mpi_omp/lj_base_256k_160k_mie126/10852224/ldms_metrics.csv,ok
10852225,cpu_mpi_omp,lj_base_256k_160k_mie147,1,48,48,1,01:00:00,799690b6b979baaa85ebb4d345f62cea28dc3547182a79db51be3ce8f2de128f,1,119,/home/cwschil/Develop/Ovis/scheduling/data/ldms/cpu_mpi_omp/lj_base_256k_160k_mie147/10852225/ldms_metrics.csv,ok
10852226,cpu_mpi_omp,lj_base_256k_160k_momentum,1,48,48,1,00:30:00,72de6c6feca1945b79ac845ea63e7ef5c765150b58f6e3d8633bb5fe2af9ec85,1,25,/home/cwschil/Develop/Ovis/scheduling/data/ldms/cpu_mpi_omp/lj_base_256k_160k_momentum/10852226/ldms_metrics.csv,ok
10852227,cpu_mpi_omp,lj_base_256k_160k_morse,1,48,48,1,01:00:00,431f70eae30934c6381478433458e894227288add04b132e4d32a209f719df19,1,39,/home/cwschil/Develop/Ovis/scheduling/data/ldms/cpu_mpi_omp/lj_base_256k_160k_morse/10852227/ldms_metrics.csv,ok
10852228,cpu_mpi_omp,lj_base_256k_160k_msd,1,48,48,1,00:30:00,468131bc6baeda5fa249840dc24327646bdf4c8b55add3f049315c0ecfdc66c1,1,27,/home/cwschil/Develop/Ovis/scheduling/data/ldms/cpu_mpi_omp/lj_base_256k_160k_msd/10852228/ldms_metrics.csv,ok
10852229,cpu_mpi_omp,lj_base_256k_160k_neighpage,1,48,48,1,00:30:00,58310222c9bae1fc146ed83648532a220d59fa25fa0e15444388135ff93b7891,1,25,/home/cwschil/Develop/Ovis/scheduling/data/ldms/cpu_mpi_omp/lj_base_256k_160k_neighpage/10852229/ldms_metrics.csv,ok
10852230,cpu_mpi_omp,lj_base_256k_160k_newtonoff,1,48,48,1,00:30:00,547b5fb74c28a894f0b51e6bd1d9070382fd884c7bb8143b8f0bca976e72a483,1,29,/home/cwschil/Develop/Ovis/scheduling/data/ldms/cpu_mpi_omp/lj_base_256k_160k_newtonoff/10852230/ldms_metrics.csv,ok
10852231,cpu_mpi_omp,lj_base_256k_160k_nosort,1,48,48,1,00:30:00,a7ce0cfd06036d4d141be88d4cbe02521fdcbfe255600a47b2a249b080398bda,1,27,/home/cwschil/Develop/Ovis/scheduling/data/ldms/cpu_mpi_omp/lj_base_256k_160k_nosort/10852231/ldms_metrics.csv,ok
10852232,cpu_mpi_omp,lj_base_256k_160k_nph,1,48,48,1,00:30:00,16d7646d1fd14d6f669aec0a0205c3171cf8c4d22f482c3cf24205563842ff16,1,25,/home/cwschil/Develop/Ovis/scheduling/data/ldms/cpu_mpi_omp/lj_base_256k_160k_nph/10852232/ldms_metrics.csv,ok
10852233,cpu_mpi_omp,lj_base_256k_160k_npt,1,48,48,1,00:30:00,d9d8836b0ae84df5324cede710747f27ce196b81fa36089b4d8b7b65bea8fa51,1,23,/home/cwschil/Develop/Ovis/scheduling/data/ldms/cpu_mpi_omp/lj_base_256k_160k_npt/10852233/ldms_metrics.csv,ok
10852234,cpu_mpi_omp,lj_base_256k_160k_nvt,1,48,48,1,00:30:00,42652561c8f6333823ac113af9a48ef7e6abc4c965ef43204cec6b0de81f1d9f,1,23,/home/cwschil/Develop/Ovis/scheduling/data/ldms/cpu_mpi_omp/lj_base_256k_160k_nvt/10852234/ldms_metrics.csv,ok
10852235,cpu_mpi_omp,lj_base_256k_160k_opt,1,48,48,1,00:30:00,c3df0787251fb01e6995e712922a354253ed83d8f46697a1f5f7cdf362882de9,1,21,/home/cwschil/Develop/Ovis/scheduling/data/ldms/cpu_mpi_omp/lj_base_256k_160k_opt/10852235/ldms_metrics.csv,ok
10852236,cpu_mpi_omp,lj_base_256k_160k_procs2d,1,48,48,1,00:30:00,18ac121b678164a6948665cba0a66412cbf0242bf3744fa45ce67e3fc6960eff,1,23,/home/cwschil/Develop/Ovis/scheduling/data/ldms/cpu_mpi_omp/lj_base_256k_160k_procs2d/10852236/ldms_metrics.csv,ok
10852237,cpu_mpi_omp,lj_base_256k_160k_rc30,1,48,48,1,01:00:00,3e7bb3e8b6f27600c889d7c6806f979506333c665579ce7ad6ba19fb3ac485f8,1,41,/home/cwschil/Develop/Ovis/scheduling/data/ldms/cpu_mpi_omp/lj_base_256k_160k_rc30/10852237/ldms_metrics.csv,ok
10852238,cpu_mpi_omp,lj_base_256k_160k_rc35,1,48,48,1,01:00:00,c9b7146a5f46c55f11b927dfcc1eb91c3e516b54cf899a0cb8ec55ad481ace79,1,59,/home/cwschil/Develop/Ovis/scheduling/data/ldms/cpu_mpi_omp/lj_base_256k_160k_rc35/10852238/ldms_metrics.csv,ok
10852239,cpu_mpi_omp,lj_base_256k_160k_rdf,1,48,48,1,00:30:00,18d1a160400b6470de00dd84e1158ac19493368d11aad35ab9c18bc42c98f669,1,25,/home/cwschil/Develop/Ovis/scheduling/data/ldms/cpu_mpi_omp/lj_base_256k_160k_rdf/10852239/ldms_metrics.csv,ok
10852240,cpu_mpi_omp,lj_base_256k_160k_rescale,1,48,48,1,00:30:00,575880378b2caf05aced443fbf049c54700111d5534f22d806fd73f66a77a384,0,0,,no_data
10852241,cpu_mpi_omp,lj_base_256k_160k_rho065,1,48,48,1,00:30:00,f05f27ca89c68cf65ed9681acffd0920c25fff607ed6ebcfe0ed146a67430d2d,1,19,/home/cwschil/Develop/Ovis/scheduling/data/ldms/cpu_mpi_omp/lj_base_256k_160k_rho065/10852241/ldms_metrics.csv,ok
10852242,cpu_mpi_omp,lj_base_256k_160k_rho100,1,48,48,1,00:30:00,0853104fd5fd30e506c84cd32463911d51393e3f58ac5631e6dfa04b62232691,0,0,,no_data
10852243,cpu_mpi_omp,lj_base_256k_160k_seed,1,48,48,1,00:30:00,c47fccd2f4a1477b69d50bca4f7615f73c3dfcad694d1241233d860c69622050,1,25,/home/cwschil/Develop/Ovis/scheduling/data/ldms/cpu_mpi_omp/lj_base_256k_160k_seed/10852243/ldms_metrics.csv,ok
10852244,cpu_mpi_omp,lj_base_256k_160k_shift,1,48,48,1,00:30:00,efd9b49826cfe0eedc6aed2849dc722599b6b671c505b66e3c58c7fd651c918b,1,27,/home/cwschil/Develop/Ovis/scheduling/data/ldms/cpu_mpi_omp/lj_base_256k_160k_shift/10852244/ldms_metrics.csv,ok
10852245,cpu_mpi_omp,lj_base_256k_160k_skin01,1,48,48,1,00:30:00,0039d3d52dae6aae8ee4dbb494aa09531754fe7904e64e99b7272e29432dd2e4,1,33,/home/cwschil/Develop/Ovis/scheduling/data/ldms/cpu_mpi_omp/lj_base_256k_160k_skin01/10852245/ldms_metrics.csv,ok
10852246,cpu_mpi_omp,lj_base_256k_160k_skin10,1,48,48,1,00:30:00,b6720cc858b19144b01548e7c568a41eca42767c861a01e2cd3316c360339574,1,29,/home/cwschil/Develop/Ovis/scheduling/data/ldms/cpu_mpi_omp/lj_base_256k_160k_skin10/10852246/ldms_metrics.csv,ok
10852247,cpu_mpi_omp,lj_base_256k_160k_slabshape,1,48,48,1,00:30:00,e3d959e9a047ec0fe583929aa89f74c9936f7b95d14c7d3ed2b2e6955572d214,1,27,/home/cwschil/Develop/Ovis/scheduling/data/ldms/cpu_mpi_omp/lj_base_256k_160k_slabshape/10852247/ldms_metrics.csv,ok
10852248,cpu_mpi_omp,lj_base_256k_160k_smoothlin,1,48,48,1,00:30:00,31906ec4ce446be2a05f5d407dc2b34de2a15a7bc9e5f6abed5d8924a3d20722,1,25,/home/cwschil/Develop/Ovis/scheduling/data/ldms/cpu_mpi_omp/lj_base_256k_160k_smoothlin/10852248/ldms_metrics.csv,ok
10852249,cpu_mpi_omp,lj_base_256k_160k_soft,1,48,48,1,00:30:00,7f41f3a0c5e32c8ebc68c1544d6396a9423e5d3dbbb1131d429b9388334f8bda,1,7,/home/cwschil/Develop/Ovis/scheduling/data/ldms/cpu_mpi_omp/lj_base_256k_160k_soft/10852249/ldms_metrics.csv,ok
10852250,cpu_mpi_omp,lj_base_256k_160k_split5,1,48,48,1,00:30:00,ed1ddecebcae1bde48b04667888328a6d22fc1c8eff420b329c0111c83e87a97,1,25,/home/cwschil/Develop/Ovis/scheduling/data/ldms/cpu_mpi_omp/lj_base_256k_160k_split5/10852250/ldms_metrics.csv,ok
10852251,cpu_mpi_omp,lj_base_256k_160k_stressatom,1,48,48,1,00:30:00,69d116f6d1637dbb4ec90a452fb1e135a5f498d68be8e40a82dd34479a3ec4fc,1,27,/home/cwschil/Develop/Ovis/scheduling/data/ldms/cpu_mpi_omp/lj_base_256k_160k_stressatom/10852251/ldms_metrics.csv,ok
10852252,cpu_mpi_omp,lj_base_256k_160k_tail,1,48,48,1,00:30:00,d9283a13ce9379c5f3d8303f864ebc97d6b7f3378ce5aca5cf9124a8e47931e3,1,25,/home/cwschil/Develop/Ovis/scheduling/data/ldms/cpu_mpi_omp/lj_base_256k_160k_tail/10852252/ldms_metrics.csv,ok
10852253,cpu_mpi_omp,lj_base_256k_160k_temp01,1,48,48,1,00:30:00,c45a13931e9278ec08338ada9c00a93b5ced78b565de7257f30179a2bb0e62cf,1,17,/home/cwschil/Develop/Ovis/scheduling/data/ldms/cpu_mpi_omp/lj_base_256k_160k_temp01/10852253/ldms_metrics.csv,ok
10852254,cpu_mpi_omp,lj_base_256k_160k_temp15,1,48,48,1,00:30:00,12affe429f829ee82177b248702704e39f9369fee7dc2190f215b00d8b32be74,1,23,/home/cwschil/Develop/Ovis/scheduling/data/ldms/cpu_mpi_omp/lj_base_256k_160k_temp15/10852254/ldms_metrics.csv,ok
10852255,cpu_mpi_omp,lj_base_256k_160k_thermo1,1,48,48,1,00:30:00,6966b62cc01501a35d6381a5b3e95bb8c92b92e63dd36748e5f89d7371842e93,1,35,/home/cwschil/Develop/Ovis/scheduling/data/ldms/cpu_mpi_omp/lj_base_256k_160k_thermo1/10852255/ldms_metrics.csv,ok
10852256,cpu_mpi_omp,lj_base_256k_160k_thermo1000,1,48,48,1,00:30:00,dc1d4e3a6cc49442527181242acd0eeaf371c1f7c9fa355e0d360dceae17abb5,1,25,/home/cwschil/Develop/Ovis/scheduling/data/ldms/cpu_mpi_omp/lj_base_256k_160k_thermo1000/10852256/ldms_metrics.csv,ok
10852257,cpu_mpi_omp,lj_base_256k_160k_velgauss,1,48,48,1,00:30:00,693d8ac27e84d1deb4dfc04f16ea2c1adf4a8e8cb6b15d0732d9c54824aa5095,1,25,/home/cwschil/Develop/Ovis/scheduling/data/ldms/cpu_mpi_omp/lj_base_256k_160k_velgauss/10852257/ldms_metrics.csv,ok
10852258,cpu_mpi_omp,lj_base_256k_160k_wallz,1,48,48,1,00:30:00,c78469dea959b90549d15e11cd7d37b3272d270ea647f5dcca3f0de34444c6c3,1,27,/home/cwschil/Develop/Ovis/scheduling/data/ldms/cpu_mpi_omp/lj_base_256k_160k_wallz/10852258/ldms_metrics.csv,ok
10852259,cpu_mpi_omp,lj_base_256k_160k_wca,1,48,48,1,00:30:00,65c3c5a628d15093f38c4549dffbdcdb3719d8e8f1eb9fea8cc77bfc133aeb2e,0,0,,no_data
10852260,cpu_mpi_omp,lj_base_256k_160k_wildcoeff,1,48,48,1,00:30:00,8b39e8d604a563fab9a1cf4c23e8b4d73595b546c131470595351a645306e7e1,1,27,/home/cwschil/Develop/Ovis/scheduling/data/ldms/cpu_mpi_omp/lj_base_256k_160k_wildcoeff/10852260/ldms_metrics.csv,ok
10852261,cpu_mpi_omp,lj_base_256k_160k_yukawa,1,48,48,1,01:00:00,7fc49d75d6a3a0ed11de6ac74685e0974d2dc78e63d08e222d53e46c7999c287,1,43,/home/cwschil/Develop/Ovis/scheduling/data/ldms/cpu_mpi_omp/lj_base_256k_160k_yukawa/10852261/ldms_metrics.csv,ok
10852262,cpu_mpi_omp,lj_base_256k_2000k,1,48,48,1,04:30:00,c595175ecc9c4c07467f775bafb8b76c428e4e2bde35fc452f0a26c1366ca627,1,317,/home/cwschil/Develop/Ovis/scheduling/data/ldms/cpu_mpi_omp/lj_base_256k_2000k/10852262/ldms_metrics.csv,ok
10852263,cpu_mpi_omp,lj_base_256k_320k,1,48,48,1,01:00:00,c3d0967a31c002f7bc4e926ec362dc4d97cf8e681e22baec4be03717ad59dfbb,1,51,/home/cwschil/Develop/Ovis/scheduling/data/ldms/cpu_mpi_omp/lj_base_256k_320k/10852263/ldms_metrics.csv,ok
10852264,cpu_mpi_omp,lj_evap_500k_050k,1,48,48,1,00:30:00,b514f8772e49bf975e362d99f22b7fce843bc270bab6fab89ae25db33284f44d,1,9,/home/cwschil/Develop/Ovis/scheduling/data/ldms/cpu_mpi_omp/lj_evap_500k_050k/10852264/ldms_metrics.csv,ok
10852265,cpu_mpi_omp,lj_evap_500k_050k_slow,1,48,48,1,00:30:00,8283e40827a678b331b1a6a78fb2c178934160b5d3ba7247ab591d721aa6fde2,1,11,/home/cwschil/Develop/Ovis/scheduling/data/ldms/cpu_mpi_omp/lj_evap_500k_050k_slow/10852265/ldms_metrics.csv,ok
10852266,cpu_mpi_omp,lj_evap_8002k_100k,2,96,48,1,04:00:00,a9720cd775e3854a2df994e994b17ab581dbdd6aee5dfd9704a5d414b7b06fe5,2,298,/home/cwschil/Develop/Ovis/scheduling/data/ldms/cpu_mpi_omp/lj_evap_8002k_100k/10852266/ldms_metrics.csv,ok
10852267,cpu_mpi_omp,lj_melt_032k_170k_seedA,1,48,48,1,01:00:00,a29168a806c77fa792aaeb69f632ee595b9b6b747720a43bf148418de7f2355a,1,5,/home/cwschil/Develop/Ovis/scheduling/data/ldms/cpu_mpi_omp/lj_melt_032k_170k_seedA/10852267/ldms_metrics.csv,ok
10852268,cpu_mpi_omp,lj_melt_032k_170k_seedB,1,48,48,1,01:00:00,7cd244cb06de9b2dbd39a249957e66a1ab40a41f5c64471dd37dda7f3d219786,1,5,/home/cwschil/Develop/Ovis/scheduling/data/ldms/cpu_mpi_omp/lj_melt_032k_170k_seedB/10852268/ldms_metrics.csv,ok
10852269,cpu_mpi_omp,lj_melt_032k_dense_160k,1,48,48,1,01:00:00,aed9d818137402486c7d26a9e22f4b06d9af46909a2e40aeeaf77e51be953e34,1,5,/home/cwschil/Develop/Ovis/scheduling/data/ldms/cpu_mpi_omp/lj_melt_032k_dense_160k/10852269/ldms_metrics.csv,ok
10852270,cpu_mpi_omp,lj_melt_032k_hot_170k,1,48,48,1,01:00:00,5dbd14cb14077d0ad3cc3e5d68607fd1a651976070eb424885e583ce53ed9247,1,5,/home/cwschil/Develop/Ovis/scheduling/data/ldms/cpu_mpi_omp/lj_melt_032k_hot_170k/10852270/ldms_metrics.csv,ok
10852271,cpu_mpi_omp,lj_melt_108k_070k,1,48,48,1,01:00:00,60979292bc429ba0cf00627a3bbb62aab60ae5540cfb0af3af9fd1e619af9424,1,7,/home/cwschil/Develop/Ovis/scheduling/data/ldms/cpu_mpi_omp/lj_melt_108k_070k/10852271/ldms_metrics.csv,ok
10852272,cpu_mpi_omp,lj_meltquench_256k_200k,1,48,48,1,00:30:00,31396910823625ae1e7a0a47a6eb25c5b5df31dc96130f0cffb147c893780341,1,61,/home/cwschil/Develop/Ovis/scheduling/data/ldms/cpu_mpi_omp/lj_meltquench_256k_200k/10852272/ldms_metrics.csv,ok
10852273,cpu_mpi_omp,lj_meltquench_256k_200k_heatonly,1,48,48,1,00:30:00,de5a27fc5727352de6b4fa72dde0afc6023447c098a061c208a4a262c1aed8fd,1,59,/home/cwschil/Develop/Ovis/scheduling/data/ldms/cpu_mpi_omp/lj_meltquench_256k_200k_heatonly/10852273/ldms_metrics.csv,ok
10852274,cpu_mpi_omp,lj_minimize_256k_105k,1,48,48,1,00:30:00,e042cf1e50575e0d47011194a8e2395b02d1b8bde1f5af8b704de2a59e41de94,1,19,/home/cwschil/Develop/Ovis/scheduling/data/ldms/cpu_mpi_omp/lj_minimize_256k_105k/10852274/ldms_metrics.csv,ok
10852275,cpu_mpi_omp,lj_minimize_256k_105k_fire,1,48,48,1,00:30:00,1540f558d4a7cee258528ea70c16487c1b07a056a74b0d9f5ec0b42b2854aa17,0,0,,no_data
10852276,cpu_mpi_omp,lj_npt_032k_150k,1,48,48,1,01:00:00,e72acd20ab58af72b9456e76de59edd965ba35647d47ac44aba63f3fc35a8b34,1,5,/home/cwschil/Develop/Ovis/scheduling/data/ldms/cpu_mpi_omp/lj_npt_032k_150k/10852276/ldms_metrics.csv,ok
10852277,cpu_mpi_omp,lj_nvt_032k_170k,1,48,48,1,01:00:00,2cfbadc1c9162f57b8a063a26d3b5ebf2735f568f79951176ac15e0c6ec69e40,1,7,/home/cwschil/Develop/Ovis/scheduling/data/ldms/cpu_mpi_omp/lj_nvt_032k_170k/10852277/ldms_metrics.csv,ok
10852278,cpu_mpi_omp,lj_pulse_1049k_168k,1,48,48,1,00:30:00,39f31242896d4845e1ab5fcdcf46364edadc48e341cfe505686be9bd3cd18bab,1,19,/home/cwschil/Develop/Ovis/scheduling/data/ldms/cpu_mpi_omp/lj_pulse_1049k_168k/10852278/ldms_metrics.csv,ok
10852279,cpu_mpi_omp,lj_shear3d_256k_160k,1,48,48,1,01:00:00,36eb0cae05ac1c40ab9b86ae2063e1aa69c37f00c6bf811b6226513a2e32ff58,1,53,/home/cwschil/Develop/Ovis/scheduling/data/ldms/cpu_mpi_omp/lj_shear3d_256k_160k/10852279/ldms_metrics.csv,ok
10852280,cpu_mpi_omp,lj_size_004k_6000k,1,16,16,1,01:00:00,951ed8665cae86322dcea725635b4662cdc4cefd8369fc8a533e3a883784d1d5,1,47,/home/cwschil/Develop/Ovis/scheduling/data/ldms/cpu_mpi_omp/lj_size_004k_6000k/10852280/ldms_metrics.csv,ok
10852281,cpu_mpi_omp,lj_size_016k_1600k,1,16,16,1,01:00:00,7167dc3655d047b68f495732c61274240de51385c390689ed18a0aea2efe517c,1,43,/home/cwschil/Develop/Ovis/scheduling/data/ldms/cpu_mpi_omp/lj_size_016k_1600k/10852281/ldms_metrics.csv,ok
10852282,cpu_mpi_omp,lj_size_1049k_100k,1,48,48,1,01:30:00,fa722e151b78b28fb6eaad11f028100976234f55b993080e43f42029b8d0fde4,1,63,/home/cwschil/Develop/Ovis/scheduling/data/ldms/cpu_mpi_omp/lj_size_1049k_100k/10852282/ldms_metrics.csv,ok
10852283,cpu_mpi_omp,lj_size_131k_160k,1,48,48,1,00:30:00,02a007be68ecea2cf811369639c50c803830574da0e2b2e34b6f3a207fa6c8eb,1,15,/home/cwschil/Develop/Ovis/scheduling/data/ldms/cpu_mpi_omp/lj_size_131k_160k/10852283/ldms_metrics.csv,ok
10852284,cpu_mpi_omp,lj_size_2048k_050k,1,48,48,1,01:00:00,38ff6dd51731ca371f866c9d4d97bd62c897dec513058c144529779983317039,0,0,,no_data
10852285,cpu_mpi_omp,lj_size_32000k_050k,4,192,48,1,04:00:00,bbb1fbdcc2c556e2395272cb471541c10dcea4dc592f659a772a3c477963a367,4,1092,/home/cwschil/Develop/Ovis/scheduling/data/ldms/cpu_mpi_omp/lj_size_32000k_050k/10852285/ldms_metrics.csv,ok
10852286,cpu_mpi_omp,lj_size_4000k_025k,1,48,48,1,01:00:00,eca6f10217e429f787e96792d0cd013b91bc2ab879018375693c2d8313fa4226,0,0,,no_data
10852287,cpu_mpi_omp,lj_size_442k_160k,1,48,48,1,01:00:00,2839f8589e6d584a836d030a6614b6f3bcc6225d87fe33c3eb8e9d8ce9209435,1,45,/home/cwschil/Develop/Ovis/scheduling/data/ldms/cpu_mpi_omp/lj_size_442k_160k/10852287/ldms_metrics.csv,ok
10852288,cpu_mpi_omp,lj_size_702k_160k,1,48,48,1,01:30:00,e2d4a1e4867e262b2fde43edef4458333d37b5d259f362ee1c98f685264f02dd,1,69,/home/cwschil/Develop/Ovis/scheduling/data/ldms/cpu_mpi_omp/lj_size_702k_160k/10852288/ldms_metrics.csv,ok
10852289,cpu_mpi_omp,lj_size_8002k_012k,2,96,48,1,00:30:00,ec5a126767f14d452d33bdf5ad9cea308626d52230dc86c597506820c8438118,2,66,/home/cwschil/Develop/Ovis/scheduling/data/ldms/cpu_mpi_omp/lj_size_8002k_012k/10852289/ldms_metrics.csv,ok
10852290,cpu_mpi_omp,lj_slab_259k_200k,1,48,48,1,01:00:00,2b9c686fd3ac76fbe75aed21919a19ff646fabe0923dcb46f2420999e637f11a,1,59,/home/cwschil/Develop/Ovis/scheduling/data/ldms/cpu_mpi_omp/lj_slab_259k_200k/10852290/ldms_metrics.csv,ok
10852291,cpu_mpi_omp,lj_slab_259k_200k_balance,1,48,48,1,00:30:00,3b53886e9f179db8ba0062e92bca4484aad938a25fa9d2f27a1bb86879baa97f,0,0,,no_data
10852292,cpu_mpi_omp,lj_slab_259k_200k_procs,1,48,48,1,00:30:00,93ebdfafb4b9b7b2129dbe2956ee8c0113f609969960b21005945ffa62b496c5,1,31,/home/cwschil/Develop/Ovis/scheduling/data/ldms/cpu_mpi_omp/lj_slab_259k_200k_procs/10852292/ldms_metrics.csv,ok
10852293,cpu_mpi_omp,lj_softpush_256k_170k,1,48,48,1,00:30:00,bf8c9195758cda00f2ae399f68601b2ec799abc04bceae7092c9e22fa8b6cfcc,1,27,/home/cwschil/Develop/Ovis/scheduling/data/ldms/cpu_mpi_omp/lj_softpush_256k_170k/10852293/ldms_metrics.csv,ok
10852294,cpu_mpi_omp,lj_stairdown_512k_180k,1,48,48,1,00:30:00,9e1da45acca3b00fef7b2e9e437c37118cc65e7d6f918bc4148e6a6dca7c8996,1,25,/home/cwschil/Develop/Ovis/scheduling/data/ldms/cpu_mpi_omp/lj_stairdown_512k_180k/10852294/ldms_metrics.csv,ok
10852295,cpu_mpi_omp,lj_stairup_16384k_400k,4,192,48,1,03:00:00,edec5f574550a2c279279c0f26a0d044f13c2cb880825f376144287cd73f9df7,4,732,/home/cwschil/Develop/Ovis/scheduling/data/ldms/cpu_mpi_omp/lj_stairup_16384k_400k/10852295/ldms_metrics.csv,ok
10852296,cpu_mpi_omp,lj_stairup_256k_240k,1,48,48,1,00:30:00,a307922feb9a539723d819b3f92f9796ae12cef2143d7950f77b03ba0b3e2d6a,1,19,/home/cwschil/Develop/Ovis/scheduling/data/ldms/cpu_mpi_omp/lj_stairup_256k_240k/10852296/ldms_metrics.csv,ok
10852297,cpu_mpi_omp,lj_stairup_512k_300k,1,48,48,1,00:30:00,1e42e8f68f8ba22389b0792fc22cfc12eb1bb0687f7ec7b31822d041cf0fd627,1,35,/home/cwschil/Develop/Ovis/scheduling/data/ldms/cpu_mpi_omp/lj_stairup_512k_300k/10852297/ldms_metrics.csv,ok
10852298,cpu_mpi_omp,lj_vecramp_131k_4000k,1,48,48,1,08:30:00,c5e616f0e153f154cb5204ab73efd5924f506dda14ab1397af5d04d3a76b08f5,1,489,/home/cwschil/Develop/Ovis/scheduling/data/ldms/cpu_mpi_omp/lj_vecramp_131k_4000k/10852298/ldms_metrics.csv,ok
10852299,cpu_mpi_omp,lj_vecramp_131k_600k,1,48,48,1,01:30:00,2a923dc344af3730f98d247d1eca62e2f49b1db2a25189cfb2e3a2700c659b71,1,71,/home/cwschil/Develop/Ovis/scheduling/data/ldms/cpu_mpi_omp/lj_vecramp_131k_600k/10852299/ldms_metrics.csv,ok
10852300,cpu_mpi_omp,lj_vecramp_131k_600k_every10,1,48,48,1,01:00:00,d86105977ae953dee1c51a4d05f688f3fc46e9acc976875e6bb9526b3ba6dece,1,51,/home/cwschil/Develop/Ovis/scheduling/data/ldms/cpu_mpi_omp/lj_vecramp_131k_600k_every10/10852300/ldms_metrics.csv,ok
10852301,cpu_mpi_omp,morse_fluid_032k_120k,1,48,48,1,01:00:00,f36249bff1187ece9946747fa7eb4634af67ad37e34943a578e9a4b07688a970,1,79,/home/cwschil/Develop/Ovis/scheduling/data/ldms/cpu_mpi_omp/morse_fluid_032k_120k/10852301/ldms_metrics.csv,ok
10852302,cpu_mpi_omp,mp_thermal_259k_200k,1,48,48,1,00:30:00,19ac554d2f2b4b40a38a01f30cda6ec08ea9dc68df82e01222d290bd8259f117,1,31,/home/cwschil/Develop/Ovis/scheduling/data/ldms/cpu_mpi_omp/mp_thermal_259k_200k/10852302/ldms_metrics.csv,ok
10852303,cpu_mpi_omp,mp_viscosity_259k_200k,1,48,48,1,00:30:00,2d7c86d8aefe35fd0fa331f191c149c55379816b90d8f96478f4e368ca8219c8,1,33,/home/cwschil/Develop/Ovis/scheduling/data/ldms/cpu_mpi_omp/mp_viscosity_259k_200k/10852303/ldms_metrics.csv,ok
10852304,cpu_mpi_omp,nacl_bmh_064k_024k,1,16,16,1,01:00:00,1247796d9c45e4b3bd0e073119277e9c2a62bab0cda2d0e480b731b2cca62b33,1,39,/home/cwschil/Develop/Ovis/scheduling/data/ldms/cpu_mpi_omp/nacl_bmh_064k_024k/10852304/ldms_metrics.csv,ok
10852305,cpu_mpi_omp,nacl_bmh_064k_024k_rc8,1,16,16,1,01:30:00,db6719e43224769bc4b4c90f62d0100014e300d05fbfa48db1876610d23bb498,1,65,/home/cwschil/Develop/Ovis/scheduling/data/ldms/cpu_mpi_omp/nacl_bmh_064k_024k_rc8/10852305/ldms_metrics.csv,ok
10852306,cpu_mpi_omp,nacl_bmh_064k_024k_solid,1,16,16,1,01:00:00,87e8fe7fef08b25ef2b62dd647e9f3899b5fd11c6aa4454d0e9ab8a27311d9fc,1,41,/home/cwschil/Develop/Ovis/scheduling/data/ldms/cpu_mpi_omp/nacl_bmh_064k_024k_solid/10852306/ldms_metrics.csv,ok
10852307,cpu_mpi_omp,nacl_bmh_512k_040k,4,192,48,1,02:00:00,29b10e3895c47038b7840357b4829da53d2b54efcf819f1eb59d04759344bfa2,3,273,/home/cwschil/Develop/Ovis/scheduling/data/ldms/cpu_mpi_omp/nacl_bmh_512k_040k/10852307/ldms_metrics.csv,ok
10852308,cpu_mpi_omp,nemd2d_shear_144k_600k,1,48,48,1,01:00:00,5688c870b3196a7f45a1ef0f7577f28dd08c9b5d599df6519ed3f6d64d8b1814,1,43,/home/cwschil/Develop/Ovis/scheduling/data/ldms/cpu_mpi_omp/nemd2d_shear_144k_600k/10852308/ldms_metrics.csv,ok
10852309,cpu_mpi_omp,nemd2d_shear_144k_600k_rc25,1,48,48,1,00:30:00,e8b72c8e7589e05f7fa8b940c5ded4dcf00ad8e22787008fa229ca09e4053b8a,1,27,/home/cwschil/Develop/Ovis/scheduling/data/ldms/cpu_mpi_omp/nemd2d_shear_144k_600k_rc25/10852309/ldms_metrics.csv,ok
10852310,cpu_mpi_omp,nemd2d_shear_144k_600k_slow,1,48,48,1,01:00:00,342c243383a4e06004ad35bfe0c80e9c5bd6beb60b1f2f50cfed71fccd95043c,1,33,/home/cwschil/Develop/Ovis/scheduling/data/ldms/cpu_mpi_omp/nemd2d_shear_144k_600k_slow/10852310/ldms_metrics.csv,ok
10852311,cpu_mpi_omp,obstacle2d_flow_079k_1200k,1,16,16,1,00:30:00,640225594313063bc81a95f4c2b88c3a74c40aaf97b535c4cdc52b9ab64ca3e6,1,37,/home/cwschil/Develop/Ovis/scheduling/data/ldms/cpu_mpi_omp/obstacle2d_flow_079k_1200k/10852311/ldms_metrics.csv,ok
10852312,cpu_mpi_omp,obstacle2d_flow_079k_1200k_weak,1,16,16,1,00:30:00,a331e43c1ee148e1f9854db7a9576da0b8c0223676d96905ee6e7f6dade13cd7,1,39,/home/cwschil/Develop/Ovis/scheduling/data/ldms/cpu_mpi_omp/obstacle2d_flow_079k_1200k_weak/10852312/ldms_metrics.csv,ok
10852313,cpu_mpi_omp,rigid_cubes_1049k_500k,2,96,48,1,03:00:00,3ae0185a5e70b58faba9089041e58c2c06b54e42fd773609dc78e477bfb376ac,2,326,/home/cwschil/Develop/Ovis/scheduling/data/ldms/cpu_mpi_omp/rigid_cubes_1049k_500k/10852313/ldms_metrics.csv,ok
10852314,cpu_mpi_omp,rigid_cubes_131k_160k,1,48,48,1,00:30:00,c62a82b25ce3322a5ff128eed6ec6dc86ca569bb2d7c0f10b0f90eb8f21313b0,1,15,/home/cwschil/Develop/Ovis/scheduling/data/ldms/cpu_mpi_omp/rigid_cubes_131k_160k/10852314/ldms_metrics.csv,ok
10852315,cpu_mpi_omp,rigid_cubes_131k_160k_global,1,48,48,1,00:30:00,d8e34d64086f4f79196cf5c13ab9f1f2dc42a6f5ad113da9949cd77267b68019,1,55,/home/cwschil/Develop/Ovis/scheduling/data/ldms/cpu_mpi_omp/rigid_cubes_131k_160k_global/10852315/ldms_metrics.csv,ok
10852316,cpu_mpi_omp,rigid_cubes_131k_160k_noexclude,1,48,48,1,00:30:00,25deeb597c905852b4ae94c2a163a6ce76af6c4bc8a861870f51fc37f01edc0c,1,13,/home/cwschil/Develop/Ovis/scheduling/data/ldms/cpu_mpi_omp/rigid_cubes_131k_160k_noexclude/10852316/ldms_metrics.csv,ok
10852317,cpu_mpi_omp,si_sw_110k_300k,1,48,48,1,01:00:00,43a7a9ab2eb2222c83ff1a9762dc2b4c87d36f176e9568fe5b3ddff70b6ec1bb,0,0,,no_data
10852318,cpu_mpi_omp,si_sw_110k_300k,1,16,16,1,02:00:00,43a7a9ab2eb2222c83ff1a9762dc2b4c87d36f176e9568fe5b3ddff70b6ec1bb,1,161,/home/cwschil/Develop/Ovis/scheduling/data/ldms/cpu_mpi_omp/si_sw_110k_300k/10852318/ldms_metrics.csv,ok
10852319,cpu_mpi_omp,si_sw_110k_300k,2,96,48,1,00:30:00,43a7a9ab2eb2222c83ff1a9762dc2b4c87d36f176e9568fe5b3ddff70b6ec1bb,2,66,/home/cwschil/Develop/Ovis/scheduling/data/ldms/cpu_mpi_omp/si_sw_110k_300k/10852319/ldms_metrics.csv,ok
10852320,cpu_mpi_omp,si_sw_110k_300k,4,192,48,1,00:30:00,43a7a9ab2eb2222c83ff1a9762dc2b4c87d36f176e9568fe5b3ddff70b6ec1bb,3,57,/home/cwschil/Develop/Ovis/scheduling/data/ldms/cpu_mpi_omp/si_sw_110k_300k/10852320/ldms_metrics.csv,ok
10852321,cpu_mpi_omp,si_sw_110k_300k,1,12,12,4,01:00:00,43a7a9ab2eb2222c83ff1a9762dc2b4c87d36f176e9568fe5b3ddff70b6ec1bb,1,59,/home/cwschil/Develop/Ovis/scheduling/data/ldms/cpu_mpi_omp/si_sw_110k_300k/10852321/ldms_metrics.csv,ok
10852322,cpu_mpi_omp,si_sw_110k_300k_melt,1,48,48,1,01:30:00,274289f2705e7c634be655094a817547d840805fc43d35856a49483dd6027e71,1,129,/home/cwschil/Develop/Ovis/scheduling/data/ldms/cpu_mpi_omp/si_sw_110k_300k_melt/10852322/ldms_metrics.csv,ok
10852323,cpu_mpi_omp,si_sw_110k_300k_npt,1,48,48,1,01:00:00,480230c92fd347a7121e315361c792796065437c027c14b1dbb6ec79b78b87b4,1,57,/home/cwschil/Develop/Ovis/scheduling/data/ldms/cpu_mpi_omp/si_sw_110k_300k_npt/10852323/ldms_metrics.csv,ok
10852324,cpu_mpi_omp,si_sw_110k_300k_t300,1,48,48,1,01:00:00,51ca07a4c6bb650cd3ee4b138119d618871002b0592fe4f774196f6a3d375dc5,1,39,/home/cwschil/Develop/Ovis/scheduling/data/ldms/cpu_mpi_omp/si_sw_110k_300k_t300/10852324/ldms_metrics.csv,ok
10852325,cpu_mpi_omp,si_sw_262k_300k,1,48,48,1,02:00:00,f19cd35e66e7bd0ae34e6233e8874d9896baec87b0e0a46748fa357495488913,1,141,/home/cwschil/Develop/Ovis/scheduling/data/ldms/cpu_mpi_omp/si_sw_262k_300k/10852325/ldms_metrics.csv,ok
10852326,cpu_mpi_omp,si_tersoff_110k_300k,1,48,48,1,01:30:00,d0497c05d3e2ab3ed5a075b84553377af1c4766b46abde6ae2c62e522bb55f37,1,69,/home/cwschil/Develop/Ovis/scheduling/data/ldms/cpu_mpi_omp/si_tersoff_110k_300k/10852326/ldms_metrics.csv,ok
10852327,cpu_mpi_omp,si_tersoff_2000k_200k,4,192,48,1,02:30:00,f951c1797983b5c0320fd414a011c6367e38dcbf2ad8a2fc4cd88fe9072719d8,4,828,/home/cwschil/Develop/Ovis/scheduling/data/ldms/cpu_mpi_omp/si_tersoff_2000k_200k/10852327/ldms_metrics.csv,ok
